{
    "root_group": {
        "groups": {},
        "checks": {
                "homepage HTTP 200": {
                    "passes": 600,
                    "fails": 0,
                    "name": "homepage HTTP 200",
                    "path": "::homepage HTTP 200",
                    "id": "7b41fb4f08cb80bfde78a818139c90ed"
                },
                "products HTTP 200": {
                    "name": "products HTTP 200",
                    "path": "::products HTTP 200",
                    "id": "e3ce2ca984b591fbc40ccf64fda93278",
                    "passes": 600,
                    "fails": 0
                },
                "cart HTTP 200": {
                    "name": "cart HTTP 200",
                    "path": "::cart HTTP 200",
                    "id": "fd68a5bf14eaeb4c166e74b786c6fbcc",
                    "passes": 600,
                    "fails": 0
                },
                "checkout HTTP 200 with order": {
                    "id": "e8de7c9ac04aa04a7fb32b1b5de71bcf",
                    "passes": 600,
                    "fails": 0,
                    "name": "checkout HTTP 200 with order",
                    "path": "::checkout HTTP 200 with order"
                }
            },
        "name": "",
        "path": "",
        "id": "d41d8cd98f00b204e9800998ecf8427e"
    },
    "metrics": {
        "vus": {
            "max": 4,
            "value": 2,
            "min": 2
        },
        "checks": {
            "passes": 2400,
            "fails": 0,
            "value": 1
        },
        "http_req_duration{flow:browse}": {
            "avg": 319.6389917491665,
            "min": 245.150315,
            "med": 288.3079775,
            "max": 1484.377242,
            "p(90)": 347.24905120000005,
            "p(95)": 525.4600945499996,
            "thresholds": {
                "p(95)<1000": false
            }
        },
        "http_req_sending": {
            "avg": 0.1265665608333331,
            "min": 0.03625,
            "med": 0.1248785,
            "max": 4.601722,
            "p(90)": 0.1721665,
            "p(95)": 0.1926243999999999
        },
        "cart_success": {
            "passes": 600,
            "fails": 0,
            "thresholds": {
                "rate>=0.995": false
            },
            "value": 1
        },
        "http_req_duration{expected_response:true}": {
            "avg": 325.5170696787504,
            "min": 236.81545,
            "med": 291.8834325,
            "max": 1590.670783,
            "p(90)": 366.19428089999985,
            "p(95)": 513.2294768499995
        },
        "data_sent": {
            "count": 538745,
            "rate": 1720.612071726558
        },
        "http_req_waiting": {
            "min": 236.593666,
            "med": 288.597824,
            "max": 1590.481048,
            "p(90)": 364.01537959999996,
            "p(95)": 501.1633380499996,
            "avg": 321.4987894679169
        },
        "dropped_iterations": {
            "count": 0,
            "rate": 0,
            "thresholds": {
                "count==0": false
            }
        },
        "iterations": {
            "count": 600,
            "rate": 1.9162446854002075
        },
        "http_req_blocked": {
            "min": 0.000164,
            "med": 0.000258,
            "max": 1477.377037,
            "p(90)": 0.000426,
            "p(95)": 0.0005560999999999994,
            "avg": 9.779897145833303
        },
        "browse_success": {
            "passes": 600,
            "fails": 0,
            "thresholds": {
                "rate>=0.995": false
            },
            "value": 1
        },
        "http_reqs": {
            "count": 2400,
            "rate": 7.66497874160083
        },
        "http_req_duration": {
            "max": 1590.670783,
            "p(90)": 366.19428089999985,
            "p(95)": 513.2294768499995,
            "avg": 325.5170696787504,
            "min": 236.81545,
            "med": 291.8834325
        },
        "data_received": {
            "count": 12898704,
            "rate": 41195.121647584
        },
        "http_req_tls_handshaking": {
            "avg": 4.542891258749999,
            "min": 0,
            "med": 0,
            "max": 637.158978,
            "p(90)": 0,
            "p(95)": 0
        },
        "http_req_failed": {
            "passes": 0,
            "fails": 2400,
            "value": 0
        },
        "checkout_success": {
            "fails": 0,
            "passes": 600,
            "thresholds": {
                "rate>=0.99": false
            },
            "value": 1
        },
        "http_req_connecting": {
            "avg": 4.928833823750001,
            "min": 0,
            "med": 0,
            "max": 1222.989185,
            "p(90)": 0,
            "p(95)": 0
        },
        "vus_max": {
            "value": 40,
            "min": 40,
            "max": 40
        },
        "iteration_duration": {
            "med": 1392.769946,
            "max": 2884.096883,
            "p(90)": 1868.7116399000001,
            "p(95)": 2087.8257363999996,
            "avg": 1491.1515469683352,
            "min": 1239.840007
        },
        "http_req_receiving": {
            "med": 0.137536,
            "max": 753.706652,
            "p(90)": 9.970822399999996,
            "p(95)": 18.606157499999973,
            "avg": 3.8917136500000047,
            "min": 0.024585
        }
    }
}