{
    "metrics": {
        "vus_max": {
            "value": 40,
            "min": 40,
            "max": 40
        },
        "http_req_failed": {
            "passes": 1534,
            "fails": 834,
            "value": 0.6478040540540541
        },
        "http_req_tls_handshaking": {
            "avg": 8.448815667229729,
            "min": 0,
            "med": 0,
            "max": 1297.8919,
            "p(90)": 0,
            "p(95)": 0
        },
        "iterations": {
            "count": 592,
            "rate": 1.9541346856818556
        },
        "checkout_success": {
            "passes": 208,
            "fails": 384,
            "thresholds": {
                "rate>=0.99": true
            },
            "value": 0.35135135135135137
        },
        "http_req_receiving": {
            "p(95)": 1.471745000000009,
            "avg": 1.2427562499999996,
            "min": 0,
            "med": 0,
            "max": 170.8956,
            "p(90)": 0
        },
        "http_req_duration{expected_response:true}": {
            "max": 5933.919,
            "p(90)": 1142.1863600000004,
            "p(95)": 1816.1294399999988,
            "avg": 574.5820688249405,
            "min": 254.534,
            "med": 335.45585
        },
        "http_reqs": {
            "count": 2368,
            "rate": 7.816538742727422
        },
        "data_sent": {
            "count": 277469,
            "rate": 915.8983059146263
        },
        "http_req_duration": {
            "avg": 296.283071706081,
            "min": 0,
            "med": 0,
            "max": 21159.614,
            "p(90)": 484.75164000000035,
            "p(95)": 1024.7571800000003
        },
        "http_req_sending": {
            "max": 2.7144,
            "p(90)": 0,
            "p(95)": 0.505,
            "avg": 0.03502086148648648,
            "min": 0,
            "med": 0
        },
        "data_received": {
            "count": 4745857,
            "rate": 15665.614488152085
        },
        "iteration_duration": {
            "max": 24024.1285,
            "p(90)": 4722.531979999997,
            "p(95)": 10460.984479999966,
            "avg": 2105.7639437500006,
            "min": 201.6543,
            "med": 203.7054
        },
        "checks": {
            "passes": 831,
            "fails": 1152,
            "value": 0.41906202723146746
        },
        "vus": {
            "value": 2,
            "min": 0,
            "max": 40
        },
        "http_req_duration{flow:browse}": {
            "p(95)": 580.0074099999999,
            "avg": 292.88187888513545,
            "min": 0,
            "med": 0,
            "max": 21159.614,
            "p(90)": 387.18870000000004,
            "thresholds": {
                "p(95)<1000": false
            }
        },
        "dropped_iterations": {
            "count": 8,
            "rate": 0.026407225482187238,
            "thresholds": {
                "count==0": true
            }
        },
        "browse_success": {
            "passes": 207,
            "fails": 385,
            "thresholds": {
                "rate>=0.995": true
            },
            "value": 0.34966216216216217
        },
        "cart_success": {
            "passes": 209,
            "fails": 383,
            "thresholds": {
                "rate>=0.995": true
            },
            "value": 0.3530405405405405
        },
        "http_req_connecting": {
            "avg": 7.829615287162163,
            "min": 0,
            "med": 0,
            "max": 1305.2668,
            "p(90)": 0,
            "p(95)": 0
        },
        "http_req_waiting": {
            "avg": 295.00529459459443,
            "min": 0,
            "med": 0,
            "max": 21159.614,
            "p(90)": 484.08155000000005,
            "p(95)": 1024.7571800000003
        },
        "http_req_blocked": {
            "avg": 16.232838471283788,
            "min": 0,
            "med": 0,
            "max": 1633.0708,
            "p(90)": 0,
            "p(95)": 0
        }
    },
    "root_group": {
        "name": "",
        "path": "",
        "id": "d41d8cd98f00b204e9800998ecf8427e",
        "groups": {},
        "checks": {
                "homepage HTTP 200": {
                    "fails": 385,
                    "name": "homepage HTTP 200",
                    "path": "::homepage HTTP 200",
                    "id": "7b41fb4f08cb80bfde78a818139c90ed",
                    "passes": 207
                },
                "products HTTP 200": {
                    "passes": 207,
                    "fails": 0,
                    "name": "products HTTP 200",
                    "path": "::products HTTP 200",
                    "id": "e3ce2ca984b591fbc40ccf64fda93278"
                },
                "cart HTTP 200": {
                    "path": "::cart HTTP 200",
                    "id": "fd68a5bf14eaeb4c166e74b786c6fbcc",
                    "passes": 209,
                    "fails": 383,
                    "name": "cart HTTP 200"
                },
                "checkout HTTP 200 with order": {
                    "name": "checkout HTTP 200 with order",
                    "path": "::checkout HTTP 200 with order",
                    "id": "e8de7c9ac04aa04a7fb32b1b5de71bcf",
                    "passes": 208,
                    "fails": 384
                }
            }
    }
}