{
    "metrics": {
        "http_req_duration{flow:browse}": {
            "avg": 283.0205983141668,
            "min": 241.119728,
            "med": 261.748447,
            "max": 2019.773228,
            "p(90)": 276.785074,
            "p(95)": 308.60771104999986,
            "thresholds": {
                "p(95)<1000": false
            }
        },
        "http_req_tls_handshaking": {
            "avg": 0.9716468129166667,
            "min": 0,
            "med": 0,
            "max": 244.433887,
            "p(90)": 0,
            "p(95)": 0
        },
        "iterations": {
            "count": 600,
            "rate": 1.8955920668701824
        },
        "vus_max": {
            "value": 10,
            "min": 10,
            "max": 10
        },
        "http_reqs": {
            "count": 2400,
            "rate": 7.58236826748073
        },
        "dropped_iterations": {
            "count": 0,
            "rate": 0,
            "thresholds": {
                "count==0": false
            }
        },
        "http_req_duration": {
            "med": 262.4283465,
            "max": 2084.740014,
            "p(90)": 297.7761917,
            "p(95)": 326.3777690999999,
            "avg": 286.3556158987503,
            "min": 235.657201
        },
        "http_req_sending": {
            "p(90)": 0.1673419,
            "p(95)": 0.19715204999999997,
            "avg": 0.11714288416666671,
            "min": 0.036754,
            "med": 0.1127795,
            "max": 0.552058
        },
        "http_req_receiving": {
            "p(95)": 12.545006149999999,
            "avg": 3.1988365004166717,
            "min": 0.034524,
            "med": 1.0745575,
            "max": 896.688845,
            "p(90)": 6.804111799999999
        },
        "http_req_failed": {
            "passes": 0,
            "fails": 2400,
            "value": 0
        },
        "browse_success": {
            "passes": 600,
            "fails": 0,
            "thresholds": {
                "rate>=0.995": false
            },
            "value": 1
        },
        "cart_success": {
            "passes": 600,
            "fails": 0,
            "thresholds": {
                "rate>=0.995": false
            },
            "value": 1
        },
        "checkout_success": {
            "passes": 600,
            "fails": 0,
            "thresholds": {
                "rate>=0.99": false
            },
            "value": 1
        },
        "http_req_duration{expected_response:true}": {
            "p(95)": 326.3777690999999,
            "avg": 286.3556158987503,
            "min": 235.657201,
            "med": 262.4283465,
            "max": 2084.740014,
            "p(90)": 297.7761917
        },
        "iteration_duration": {
            "p(95)": 1471.6077668499997,
            "avg": 1293.667364410002,
            "min": 1211.199271,
            "med": 1265.490158,
            "max": 1827.852859,
            "p(90)": 1358.4636651
        },
        "checks": {
            "passes": 2400,
            "fails": 0,
            "value": 1
        },
        "http_req_connecting": {
            "p(95)": 0,
            "avg": 0.9611664966666666,
            "min": 0,
            "med": 0,
            "max": 238.239331,
            "p(90)": 0
        },
        "http_req_blocked": {
            "max": 482.990539,
            "p(90)": 0.0004470999999999999,
            "p(95)": 0.0005520499999999997,
            "avg": 1.9355066599999728,
            "min": 0.000152,
            "med": 0.000247
        },
        "http_req_waiting": {
            "med": 257.64725699999997,
            "max": 2083.661195,
            "p(90)": 296.2173188,
            "p(95)": 324.00861334999996,
            "avg": 283.0396365141663,
            "min": 233.790704
        },
        "vus": {
            "value": 2,
            "min": 2,
            "max": 3
        },
        "data_sent": {
            "count": 485189,
            "rate": 1532.8673655544615
        },
        "data_received": {
            "count": 12730663,
            "rate": 40220.23964799626
        }
    },
    "root_group": {
        "name": "",
        "path": "",
        "id": "d41d8cd98f00b204e9800998ecf8427e",
        "groups": {},
        "checks": {
                "homepage HTTP 200": {
                    "id": "7b41fb4f08cb80bfde78a818139c90ed",
                    "passes": 600,
                    "fails": 0,
                    "name": "homepage HTTP 200",
                    "path": "::homepage HTTP 200"
                },
                "products HTTP 200": {
                    "passes": 600,
                    "fails": 0,
                    "name": "products HTTP 200",
                    "path": "::products HTTP 200",
                    "id": "e3ce2ca984b591fbc40ccf64fda93278"
                },
                "cart HTTP 200": {
                    "fails": 0,
                    "name": "cart HTTP 200",
                    "path": "::cart HTTP 200",
                    "id": "fd68a5bf14eaeb4c166e74b786c6fbcc",
                    "passes": 600
                },
                "checkout HTTP 200 with order": {
                    "fails": 0,
                    "name": "checkout HTTP 200 with order",
                    "path": "::checkout HTTP 200 with order",
                    "id": "e8de7c9ac04aa04a7fb32b1b5de71bcf",
                    "passes": 600
                }
            }
    }
}