{
    "root_group": {
        "name": "",
        "path": "",
        "id": "d41d8cd98f00b204e9800998ecf8427e",
        "groups": {},
        "checks": {
                "homepage HTTP 200": {
                    "passes": 1200,
                    "fails": 0,
                    "name": "homepage HTTP 200",
                    "path": "::homepage HTTP 200",
                    "id": "7b41fb4f08cb80bfde78a818139c90ed"
                },
                "products HTTP 200": {
                    "path": "::products HTTP 200",
                    "id": "e3ce2ca984b591fbc40ccf64fda93278",
                    "passes": 1200,
                    "fails": 0,
                    "name": "products HTTP 200"
                },
                "cart HTTP 200": {
                    "path": "::cart HTTP 200",
                    "id": "fd68a5bf14eaeb4c166e74b786c6fbcc",
                    "passes": 1200,
                    "fails": 0,
                    "name": "cart HTTP 200"
                },
                "checkout HTTP 200 with order": {
                    "name": "checkout HTTP 200 with order",
                    "path": "::checkout HTTP 200 with order",
                    "id": "e8de7c9ac04aa04a7fb32b1b5de71bcf",
                    "passes": 1200,
                    "fails": 0
                }
            }
    },
    "metrics": {
        "http_req_sending": {
            "avg": 0.12437379916666667,
            "min": 0.028622,
            "med": 0.1239465,
            "max": 0.803049,
            "p(90)": 0.1716051,
            "p(95)": 0.19640635
        },
        "data_sent": {
            "count": 1003439,
            "rate": 1601.0956801535087
        },
        "http_req_duration{expected_response:true}": {
            "med": 311.547056,
            "max": 4480.668186,
            "p(90)": 479.66138960000035,
            "p(95)": 734.2756735500006,
            "avg": 369.8626286475007,
            "min": 106.920146
        },
        "http_req_tls_handshaking": {
            "med": 0,
            "max": 1246.88067,
            "p(90)": 0,
            "p(95)": 0,
            "avg": 2.907660021666667,
            "min": 0
        },
        "checks": {
            "passes": 4800,
            "fails": 0,
            "value": 1
        },
        "cart_success": {
            "passes": 1200,
            "fails": 0,
            "thresholds": {
                "rate>=0.995": false
            },
            "value": 1
        },
        "http_reqs": {
            "count": 4800,
            "rate": 7.658920238038228
        },
        "http_req_duration{flow:browse}": {
            "avg": 362.44660057958407,
            "min": 106.920146,
            "med": 305.9980535,
            "max": 3117.862578,
            "p(90)": 465.3451036999998,
            "p(95)": 677.2291067999997,
            "thresholds": {
                "p(95)<1000": false
            }
        },
        "iteration_duration": {
            "max": 5898.45296,
            "p(90)": 2137.6830289000013,
            "p(95)": 2490.41885005,
            "avg": 1644.2680022699976,
            "min": 1226.678083,
            "med": 1484.5069585
        },
        "checkout_success": {
            "passes": 1200,
            "fails": 0,
            "thresholds": {
                "rate>=0.99": false
            },
            "value": 1
        },
        "http_req_connecting": {
            "p(90)": 0,
            "p(95)": 0,
            "avg": 2.852769395625,
            "min": 0,
            "med": 0,
            "max": 1045.197032
        },
        "http_req_failed": {
            "passes": 0,
            "fails": 4800,
            "value": 0
        },
        "browse_success": {
            "passes": 1200,
            "fails": 0,
            "thresholds": {
                "rate>=0.995": false
            },
            "value": 1
        },
        "http_req_receiving": {
            "avg": 4.800133674791665,
            "min": 0.024673,
            "med": 0.12962849999999998,
            "max": 1333.764434,
            "p(90)": 7.228058800000011,
            "p(95)": 20.875820650000012
        },
        "data_received": {
            "count": 25567475,
            "rate": 40795.67744021593
        },
        "vus_max": {
            "min": 40,
            "max": 40,
            "value": 40
        },
        "http_req_blocked": {
            "p(95)": 0.000538,
            "avg": 6.292190145208398,
            "min": 0.000154,
            "med": 0.000259,
            "max": 1859.611201,
            "p(90)": 0.000432
        },
        "dropped_iterations": {
            "count": 0,
            "rate": 0,
            "thresholds": {
                "count==0": false
            }
        },
        "http_req_waiting": {
            "avg": 364.93812117354224,
            "min": 106.69745,
            "med": 308.023478,
            "max": 4480.32482,
            "p(90)": 475.67071740000017,
            "p(95)": 709.3265889500002
        },
        "http_req_duration": {
            "p(95)": 734.2756735500006,
            "avg": 369.8626286475007,
            "min": 106.920146,
            "med": 311.547056,
            "max": 4480.668186,
            "p(90)": 479.66138960000035
        },
        "iterations": {
            "count": 1200,
            "rate": 1.914730059509557
        },
        "vus": {
            "value": 3,
            "min": 2,
            "max": 7
        }
    }
}